{"count":1,"self":2167.0832127999997,"total":2167.4347841999997,"children":{"InitializeActuators":{"count":10,"self":0.0010031,"total":0.0010031,"children":null},"InitializeSensors":{"count":10,"self":0.0010000999999999999,"total":0.0010000999999999999,"children":null},"AgentSendState":{"count":1952,"self":0.021206799999999998,"total":0.0818107,"children":{"CollectObservations":{"count":1960,"self":0.0554898,"total":0.0554898,"children":null},"WriteActionMask":{"count":1960,"self":0.0020422,"total":0.0020422,"children":null},"RequestDecision":{"count":1960,"self":0.0030719,"total":0.0030719,"children":null}}},"DecideAction":{"count":1952,"self":0.22725679999999998,"total":0.22725679999999998,"children":null},"AgentAct":{"count":1952,"self":0.040518599999999995,"total":0.040518599999999995,"children":null}},"gauges":{"PlayerAgent.CumulativeReward":{"count":25,"max":407.279633,"min":30.9701385,"runningAverage":292.3578,"value":229.270218,"weightedAverage":293.347931}},"metadata":{"timer_format_version":"0.1.0","start_time_seconds":"1710581138","unity_version":"2022.3.20f1","command_line_arguments":"C:\\Program Files\\Unity\\Hub\\Editor\\2022.3.20f1\\Editor\\Unity.exe -projectpath C:\\Git\\World-Defend -useHub -hubIPC -cloudEnvironment production","communication_protocol_version":"1.5.0","com.unity.ml-agents_version":"2.3.0-exp.3","scene_name":"Boot","end_time_seconds":"1710583305"}}