{
    "name": "root",
    "gauges": {
        "PlayerAgent.Policy.Entropy.mean": {
            "value": 1.7152332067489624,
            "min": 1.4196398258209229,
            "max": 1.9171866178512573,
            "count": 1000
        },
        "PlayerAgent.Policy.Entropy.sum": {
            "value": 51268.3203125,
            "min": 24528.17578125,
            "max": 69353.6640625,
            "count": 1000
        },
        "PlayerAgent.Environment.EpisodeLength.mean": {
            "value": 117.37154150197628,
            "min": 85.51008645533142,
            "max": 178.14634146341464,
            "count": 1000
        },
        "PlayerAgent.Environment.EpisodeLength.sum": {
            "value": 29695.0,
            "min": 21912.0,
            "max": 34699.0,
            "count": 1000
        },
        "PlayerAgent.Step.mean": {
            "value": 29999974.0,
            "min": 29952.0,
            "max": 29999974.0,
            "count": 1000
        },
        "PlayerAgent.Step.sum": {
            "value": 29999974.0,
            "min": 29952.0,
            "max": 29999974.0,
            "count": 1000
        },
        "PlayerAgent.Policy.ExtrinsicValueEstimate.mean": {
            "value": 64.70649719238281,
            "min": -4620.5478515625,
            "max": 72.12907409667969,
            "count": 1000
        },
        "PlayerAgent.Policy.ExtrinsicValueEstimate.sum": {
            "value": 16370.7431640625,
            "min": -1345922.5,
            "max": 21186.837890625,
            "count": 1000
        },
        "PlayerAgent.Environment.CumulativeReward.mean": {
            "value": 80.42075406704025,
            "min": -26565.26207612782,
            "max": 147.03806900890754,
            "count": 1000
        },
        "PlayerAgent.Environment.CumulativeReward.sum": {
            "value": 20346.45077896118,
            "min": -3925612.458132744,
            "max": 40141.39283943176,
            "count": 1000
        },
        "PlayerAgent.Policy.ExtrinsicReward.mean": {
            "value": 80.42075406704025,
            "min": -26565.26207612782,
            "max": 147.03806900890754,
            "count": 1000
        },
        "PlayerAgent.Policy.ExtrinsicReward.sum": {
            "value": 20346.45077896118,
            "min": -3925612.458132744,
            "max": 40141.39283943176,
            "count": 1000
        },
        "PlayerAgent.Losses.PolicyLoss.mean": {
            "value": 0.018049929415186246,
            "min": 0.009643786470405757,
            "max": 0.023810626240447164,
            "count": 1000
        },
        "PlayerAgent.Losses.PolicyLoss.sum": {
            "value": 0.018049929415186246,
            "min": 0.009643786470405757,
            "max": 0.04193345516299208,
            "count": 1000
        },
        "PlayerAgent.Losses.ValueLoss.mean": {
            "value": 2551.867081705729,
            "min": 1691.436083984375,
            "max": 20596743.944444444,
            "count": 1000
        },
        "PlayerAgent.Losses.ValueLoss.sum": {
            "value": 2551.867081705729,
            "min": 1691.436083984375,
            "max": 20596743.944444444,
            "count": 1000
        },
        "PlayerAgent.Policy.LearningRate.mean": {
            "value": 2.0455993184666193e-07,
            "min": 2.0455993184666193e-07,
            "max": 0.00029979372006875996,
            "count": 1000
        },
        "PlayerAgent.Policy.LearningRate.sum": {
            "value": 2.0455993184666193e-07,
            "min": 2.0455993184666193e-07,
            "max": 0.0005984379105206968,
            "count": 1000
        },
        "PlayerAgent.Policy.Epsilon.mean": {
            "value": 0.10006815333333335,
            "min": 0.10006815333333335,
            "max": 0.19993123999999998,
            "count": 1000
        },
        "PlayerAgent.Policy.Epsilon.sum": {
            "value": 0.10006815333333335,
            "min": 0.10006815333333335,
            "max": 0.39947930333333326,
            "count": 1000
        },
        "PlayerAgent.Policy.Beta.mean": {
            "value": 1.3400851333333255e-05,
            "min": 1.3400851333333255e-05,
            "max": 0.004996568876,
            "count": 1000
        },
        "PlayerAgent.Policy.Beta.sum": {
            "value": 1.3400851333333255e-05,
            "min": 1.3400851333333255e-05,
            "max": 0.009974017236333335,
            "count": 1000
        },
        "PlayerAgent.IsTraining.mean": {
            "value": 1.0,
            "min": 1.0,
            "max": 1.0,
            "count": 1000
        },
        "PlayerAgent.IsTraining.sum": {
            "value": 1.0,
            "min": 1.0,
            "max": 1.0,
            "count": 1000
        }
    },
    "metadata": {
        "timer_format_version": "0.1.0",
        "start_time_seconds": "1710021122",
        "python_version": "3.9.18 (main, Sep 11 2023, 14:09:26) [MSC v.1916 64 bit (AMD64)]",
        "command_line_arguments": "\\\\?\\C:\\Users\\maxim\\miniconda3\\envs\\mlagents20\\Scripts\\mlagents-learn config/ppo/Main.yaml --run-id=UpdatedRewardFunctionv3 --force",
        "mlagents_version": "0.30.0",
        "mlagents_envs_version": "0.30.0",
        "communication_protocol_version": "1.5.0",
        "pytorch_version": "2.2.1+cu121",
        "numpy_version": "1.21.2",
        "end_time_seconds": "1710074335"
    },
    "total": 53212.663811000006,
    "count": 1,
    "self": 0.03523520000453573,
    "children": {
        "run_training.setup": {
            "total": 0.06695099999999998,
            "count": 1,
            "self": 0.06695099999999998
        },
        "TrainerController.start_learning": {
            "total": 53212.5616248,
            "count": 1,
            "self": 17.672285898363043,
            "children": {
                "TrainerController._reset_env": {
                    "total": 55.232882,
                    "count": 1,
                    "self": 55.232882
                },
                "TrainerController.advance": {
                    "total": 53139.54820480164,
                    "count": 812447,
                    "self": 15.923063600021123,
                    "children": {
                        "env_step": {
                            "total": 46731.84884739911,
                            "count": 812447,
                            "self": 44076.759939198644,
                            "children": {
                                "SubprocessEnvManager._take_step": {
                                    "total": 2644.239638899202,
                                    "count": 812447,
                                    "self": 42.94958099945916,
                                    "children": {
                                        "TorchPolicy.evaluate": {
                                            "total": 2601.290057899743,
                                            "count": 612311,
                                            "self": 2601.290057899743
                                        }
                                    }
                                },
                                "workers": {
                                    "total": 10.849269301265991,
                                    "count": 812447,
                                    "self": 0.0,
                                    "children": {
                                        "worker_root": {
                                            "total": 53134.80207690001,
                                            "count": 812447,
                                            "is_parallel": true,
                                            "self": 10475.873866800757,
                                            "children": {
                                                "steps_from_proto": {
                                                    "total": 0.000552999999996473,