{
    "name": "root",
    "gauges": {
        "PlayerAgent.Policy.Entropy.mean": {
            "value": 1.466739296913147,
            "min": 1.4301681518554688,
            "max": 1.4804385900497437,
            "count": 9
        },
        "PlayerAgent.Policy.Entropy.sum": {
            "value": 44148.8515625,
            "min": 43419.90625,
            "max": 44457.5703125,
            "count": 9
        },
        "PlayerAgent.Step.mean": {
            "value": 269909.0,
            "min": 29990.0,
            "max": 269909.0,
            "count": 9
        },
        "PlayerAgent.Step.sum": {
            "value": 269909.0,
            "min": 29990.0,
            "max": 269909.0,
            "count": 9
        },
        "PlayerAgent.Policy.ExtrinsicValueEstimate.mean": {
            "value": 1.9246551990509033,
            "min": -15.35905933380127,
            "max": 1.9246551990509033,
            "count": 9
        },
        "PlayerAgent.Policy.ExtrinsicValueEstimate.sum": {
            "value": 650.533447265625,
            "min": -4607.7177734375,
            "max": 650.533447265625,
            "count": 9
        },
        "PlayerAgent.Policy.CuriosityValueEstimate.mean": {
            "value": 27.200969696044922,
            "min": 23.01825523376465,
            "max": 92.25603485107422,
            "count": 9
        },
        "PlayerAgent.Policy.CuriosityValueEstimate.sum": {
            "value": 9193.927734375,
            "min": 7089.62255859375,
            "max": 28876.138671875,
            "count": 9
        },
        "PlayerAgent.Policy.GailValueEstimate.mean": {
            "value": 1.4703189134597778,
            "min": 1.302241563796997,
            "max": 2.0389552116394043,
            "count": 9
        },
        "PlayerAgent.Policy.GailValueEstimate.sum": {
            "value": 496.9677734375,
            "min": 425.8329772949219,
            "max": 611.6865844726562,
            "count": 9
        },
        "PlayerAgent.Environment.EpisodeLength.mean": {
            "value": 163.73224043715848,
            "min": 162.20765027322403,
            "max": 212.3,
            "count": 9
        },
        "PlayerAgent.Environment.EpisodeLength.sum": {
            "value": 29963.0,
            "min": 29456.0,
            "max": 30131.0,
            "count": 9
        },
        "PlayerAgent.Environment.CumulativeReward.mean": {
            "value": 6.7579884506033165,
            "min": -50.73979402648817,
            "max": 6.83955012194896,
            "count": 9
        },
        "PlayerAgent.Environment.CumulativeReward.sum": {
            "value": 1243.4698749110103,
            "min": -7103.571163708344,
            "max": 1243.4698749110103,
            "count": 9
        },
        "PlayerAgent.Policy.ExtrinsicReward.mean": {
            "value": 6.7579884506033165,
            "min": -50.73979402648817,
            "max": 6.83955012194896,
            "count": 9
        },
        "PlayerAgent.Policy.ExtrinsicReward.sum": {
            "value": 1243.4698749110103,
            "min": -7103.571163708344,
            "max": 1243.4698749110103,
            "count": 9
        },
        "PlayerAgent.Policy.CuriosityReward.mean": {
            "value": 15.706165056027796,
            "min": 15.422113472809556,
            "max": 169.86274686370578,
            "count": 9
        },
        "PlayerAgent.Policy.CuriosityReward.sum": {
            "value": 2889.9343703091145,
            "min": 2822.246765524149,
            "max": 23780.784560918808,
            "count": 9
        },
        "PlayerAgent.Policy.GailReward.mean": {
            "value": 25.75662120429637,
            "min": 23.356144193695922,
            "max": 47.817653777370495,
            "count": 9
        },
        "PlayerAgent.Policy.GailReward.sum": {
            "value": 4739.218301590532,
            "min": 4157.393666477874,
            "max": 6694.471528831869,
            "count": 9
        },
        "PlayerAgent.Losses.PolicyLoss.mean": {
            "value": 0.036694310111407606,
            "min": 0.0325807524782916,
            "max": 0.036694310111407606,
            "count": 9
        },
        "PlayerAgent.Losses.PolicyLoss.sum": {
            "value": 0.22016586066844565,
            "min": 0.16290376239145798,
            "max": 0.22016586066844565,
            "count": 9
        },
        "PlayerAgent.Losses.ValueLoss.mean": {
            "value": 1.8124884492821163,
            "min": 1.8124884492821163,
            "max": 21.302282903989155,
            "count": 9
        },
        "PlayerAgent.Losses.ValueLoss.sum": {
            "value": 10.874930695692697,
            "min": 10.874930695692697,
            "max": 106.51141451994577,
            "count": 9
        },
        "PlayerAgent.Policy.LearningRate.mean": {
            "value": 0.00029743689085437,
            "min": 0.00029743689085437,
            "max": 0.00029984440405186533,
            "count": 9
        },
        "PlayerAgent.Policy.LearningRate.sum": {
            "value": 0.00178462134512622,
            "min": 0.0014932629222456932,
            "max": 0.0017973543108818959,
            "count": 9
        },
        "PlayerAgent.Policy.Epsilon.mean": {
            "value": 0.19914562999999996,
            "min": 0.19914562999999996,
            "max": 0.19994813466666664,
            "count": 9
        },
        "PlayerAgent.Policy.Epsilon.sum": {
            "value": 1.1948737799999998,
            "min": 0.9977543066666664,
            "max": 1.1991181033333334,
            "count": 9
        },
        "PlayerAgent.Policy.Beta.mean": {
            "value": 0.009914648436999999,
            "min": 0.009914648436999999,
            "max": 0.009994818653199998,
            "count": 9
        },
        "PlayerAgent.Policy.Beta.sum": {
            "value": 0.059487890621999995,
            "min": 0.049775655236,
            "max": 0.059911898522999996,
            "count": 9
        },
        "PlayerAgent.Losses.CuriosityForwardLoss.mean": {
            "value": 0.18530129806862936,
            "min": 0.18360036909580232,
            "max": 62.38604894955953,
            "count": 9
        },
        "PlayerAgent.Losses.CuriosityForwardLoss.sum": {
            "value": 1.111807788411776,
            "min": 1.1016022145748139,
            "max": 311.93024474779764,
            "count": 9
        },
        "PlayerAgent.Losses.CuriosityInverseLoss.mean": {
            "value": 2.1142978582117293,
            "min": 2.0061162220107183,
            "max": 2.23256223599116,
            "count": 9
        },
        "PlayerAgent.Losses.CuriosityInverseLoss.sum": {
            "value": 12.685787149270375,
            "min": 11.125975676377612,
            "max": 13.353103613853452,
            "count": 9
        },
        "PlayerAgent.Policy.GAILPolicyEstimate.mean": {
            "value": 0.2183596947954761,
            "min": 0.20943935521774823,
            "max": 0.2844854949911436,
            "count": 9
        },
        "PlayerAgent.Policy.GAILPolicyEstimate.sum": {
            "value": 1.3101581687728565,
            "min": 1.136236337820689,
            "max": 1.534182825187842,
            "count": 9
        },
        "PlayerAgent.Policy.GAILExpertEstimate.mean": {
            "value": 0.7927068958679834,
            "min": 0.6397660827636719,
            "max": 0.7927068958679834,
            "count": 9
        },
        "PlayerAgent.Policy.GAILExpertEstimate.sum": {
            "value": 4.7562413752079005,
            "min": 3.198830413818359,
            "max": 4.7562413752079005,
            "count": 9
        },
        "PlayerAgent.Losses.GAILLoss.mean": {
            "value": 0.5537643725673358,
            "min": 0.5276856227053536,
            "max": 0.8907597291469574,
            "count": 9
        },
        "PlayerAgent.Losses.GAILLoss.sum": {
            "value": 3.3225862354040148,
            "min": 2.986243555943171,