{
    "name": "root",
    "metadata": {
        "timer_format_version": "0.1.0",
        "start_time_seconds": "1710448761",
        "python_version": "3.9.18 (main, Sep 11 2023, 14:09:26) [MSC v.1916 64 bit (AMD64)]",
        "command_line_arguments": "\\\\?\\C:\\Users\\maxim\\miniconda3\\envs\\mlagents20\\Scripts\\mlagents-learn config/ppo/Main.yaml --run-id=Distance5 --resume",
        "mlagents_version": "0.30.0",
        "mlagents_envs_version": "0.30.0",
        "communication_protocol_version": "1.5.0",
        "pytorch_version": "2.2.1+cu121",
        "numpy_version": "1.21.2",
        "end_time_seconds": "1710448822"
    },
    "total": 61.102057699999996,
    "count": 1,
    "self": 0.006413999999999476,
    "children": {
        "run_training.setup": {
            "total": 0.06638639999999985,
            "count": 1,
            "self": 0.06638639999999985
        },
        "TrainerController.start_learning": {
            "total": 61.0292573,
            "count": 1,
            "self": 0.0023618999999968082,
            "children": {
                "TrainerController._reset_env": {
                    "total": 8.6940508,
                    "count": 1,
                    "self": 8.6940508
                },
                "TrainerController.advance": {
                    "total": 52.143113899999996,
                    "count": 119,
                    "self": 0.0020914999999632755,
                    "children": {
                        "env_step": {
                            "total": 52.078234,
                            "count": 119,
                            "self": 51.62263549999999,
                            "children": {
                                "SubprocessEnvManager._take_step": {
                                    "total": 0.4543204000000216,
                                    "count": 119,
                                    "self": 0.0071728000000312875,
                                    "children": {
                                        "TorchPolicy.evaluate": {
                                            "total": 0.4471475999999903,
                                            "count": 119,
                                            "self": 0.4471475999999903
                                        }
                                    }
                                },
                                "workers": {
                                    "total": 0.0012780999999932874,
                                    "count": 118,
                                    "self": 0.0,
                                    "children": {
                                        "worker_root": {
                                            "total": 7.753090699999997,
                                            "count": 118,
                                            "is_parallel": true,
                                            "self": 1.8293958999999909,
                                            "children": {
                                                "steps_from_proto": {
                                                    "total": 0.0013127000000006106,
                                                    "count": 1,
                                                    "is_parallel": true,
                                                    "self": 0.00014480000000016702,
                                                    "children": {
                                                        "_process_rank_one_or_two_observation": {
                                                            "total": 0.0011679000000004436,
                                                            "count": 2,
                                                            "is_parallel": true,
                                                            "self": 0.0011679000000004436
                                                        }
                                                    }
                                                },
                                                "UnityEnvironment.step": {
                                                    "total": 5.922382100000005,
                                                    "count": 118,
                                                    "is_parallel": true,
                                                    "self": 0.013392000000020943,
                                                    "children": {
                                                        "UnityEnvironment._generate_step_input": {
                                                            "total": 0.017357199999983308,
                                                            "count": 118,
                                                            "is_parallel": true,
                                                            "self": 0.017357199999983308
                                                        },
                                                        "communicator.exchange": {
                                                            "total": 5.862116500000003,
                                                            "count": 118,
                                                            "is_parallel": true,
                                                            "self": 5.862116500000003
                                                        },
                                                        "steps_from_proto": {
                                                            "total": 0.029516399999998555,
                                                            "count": 118,
                                                            "is_parallel": true,
                                                            "self": 0.011338799999982996,
                                                            "children": {
                                                                "_process_rank_one_or_two_observation": {
                                                                    "total": 0.01817760000001556,
                                                                    "count": 236,
                                                                    "is_parallel": true,
                                                                    "self": 0.01817760000001556
                                                                }
                                                            }
                                                        }
                                                    }
                                                }
                                            }
                                        }
                                    }
                                }
                            }
                        },
                        "trainer_advance": {
                            "total": 0.0627884000000325,
                            "count": 118,
                            "self": 0.002504400000029605,
                            "children": {
                                "process_trajectory": {
                                    "total": 0.06028400000000289,
                                    "count": 118,
                                    "self": 0.06028400000000289
                                }
                            }
                        }
                    }
                },
                "trainer_threads": {
                    "total": 1.300000000981072e-06,
                    "count": 1,
                    "self": 1.300000000981072e-06
                },
                "TrainerController._save_models": {
                    "total": 0.1897294000000045,
                    "count": 1,
                    "self": 0.001743799999999851,