{
    "name": "root",
    "gauges": {
        "PlayerAgent.Policy.Entropy.mean": {
            "value": 1.617402195930481,
            "min": 1.4207496643066406,
            "max": 1.617402195930481,
            "count": 42
        },
        "PlayerAgent.Policy.Entropy.sum": {
            "value": 48522.06640625,
            "min": 42496.5703125,
            "max": 48522.06640625,
            "count": 42
        },
        "PlayerAgent.Environment.EpisodeLength.mean": {
            "value": 365.8780487804878,
            "min": 0.3898030127462341,
            "max": 614.6428571428571,
            "count": 42
        },
        "PlayerAgent.Environment.EpisodeLength.sum": {
            "value": 30002.0,
            "min": 7215.0,
            "max": 51630.0,
            "count": 42
        },
        "PlayerAgent.Step.mean": {
            "value": 1259910.0,
            "min": 29993.0,
            "max": 1259910.0,
            "count": 42
        },
        "PlayerAgent.Step.sum": {
            "value": 1259910.0,
            "min": 29993.0,
            "max": 1259910.0,
            "count": 42
        },
        "PlayerAgent.Policy.CuriosityValueEstimate.mean": {
            "value": 15.106057167053223,
            "min": 7.985689640045166,
            "max": 33.993778228759766,
            "count": 42
        },
        "PlayerAgent.Policy.CuriosityValueEstimate.sum": {
            "value": 4108.84765625,
            "min": 2270.64208984375,
            "max": 248981.46875,
            "count": 42
        },
        "PlayerAgent.Policy.GailValueEstimate.mean": {
            "value": 17.251663208007812,
            "min": 0.9345467686653137,
            "max": 37.56450271606445,
            "count": 42
        },
        "PlayerAgent.Policy.GailValueEstimate.sum": {
            "value": 4692.45263671875,
            "min": 4588.865234375,
            "max": 28818.8671875,
            "count": 42
        },
        "PlayerAgent.Environment.CumulativeReward.mean": {
            "value": -318.1989380566471,
            "min": -448.09100838679643,
            "max": -0.1016927416167787,
            "count": 42
        },
        "PlayerAgent.Environment.CumulativeReward.sum": {
            "value": -26410.511858701706,
            "min": -37639.6447044909,
            "max": -1632.270195690915,
            "count": 42
        },
        "PlayerAgent.Policy.CuriosityReward.mean": {
            "value": 55.9189807966531,
            "min": 0.07602729829251985,
            "max": 213.1660568614801,
            "count": 42
        },
        "PlayerAgent.Policy.CuriosityReward.sum": {
            "value": 4641.275406122208,
            "min": 1220.314164893236,
            "max": 15347.956094026566,
            "count": 42
        },
        "PlayerAgent.Policy.GailReward.mean": {
            "value": 73.10765755402642,
            "min": 0.3896316330965463,
            "max": 243.44435289977253,
            "count": 42
        },
        "PlayerAgent.Policy.GailReward.sum": {
            "value": 6067.935576984193,
            "min": 6067.935576984193,
            "max": 16797.660350084305,
            "count": 42
        },
        "PlayerAgent.Losses.PolicyLoss.mean": {
            "value": 0.03211077127295236,
            "min": 0.028830300715182805,
            "max": 0.036734392804404103,
            "count": 42
        },
        "PlayerAgent.Losses.PolicyLoss.sum": {
            "value": 0.19266462763771416,
            "min": 0.1508433502322684,
            "max": 0.22040635682642462,
            "count": 42
        },
        "PlayerAgent.Losses.ValueLoss.mean": {
            "value": 17.540997168752885,
            "min": 14.042114946577284,
            "max": 30.808082494735714,
            "count": 42
        },
        "PlayerAgent.Losses.ValueLoss.sum": {
            "value": 105.2459830125173,
            "min": 72.05248276392618,
            "max": 154.04041247367857,
            "count": 42
        },
        "PlayerAgent.Policy.LearningRate.mean": {
            "value": 0.00029252299649233535,
            "min": 0.00029252299649233535,
            "max": 0.00029990705883098037,
            "count": 42
        },
        "PlayerAgent.Policy.LearningRate.sum": {
            "value": 0.001755137978954012,
            "min": 0.0014653420915526397,
            "max": 0.0017984172425275858,
            "count": 42
        },
        "PlayerAgent.Policy.Epsilon.mean": {
            "value": 0.19750766466666667,
            "min": 0.19750766466666667,
            "max": 0.1999690196,
            "count": 42
        },
        "PlayerAgent.Policy.Epsilon.sum": {
            "value": 1.185045988,
            "min": 0.98844736,
            "max": 1.199472414,
            "count": 42
        },
        "PlayerAgent.Policy.Beta.mean": {
            "value": 0.009751015700199999,
            "min": 0.009751015700199999,
            "max": 0.00999690505804,
            "count": 42
        },
        "PlayerAgent.Policy.Beta.sum": {
            "value": 0.05850609420119999,
            "min": 0.048845891264,
            "max": 0.0599472941586,
            "count": 42
        },
        "PlayerAgent.Losses.CuriosityForwardLoss.mean": {
            "value": 0.21590182499753108,
            "min": 0.07139382091247373,
            "max": 2.895764539241791,
            "count": 42
        },
        "PlayerAgent.Losses.CuriosityForwardLoss.sum": {
            "value": 1.2954109499851865,
            "min": 0.3742115567127864,
            "max": 14.478822696208955,
            "count": 42
        },
        "PlayerAgent.Losses.CuriosityInverseLoss.mean": {
            "value": 1.6166523430082533,
            "min": 1.0445972048272991,
            "max": 1.95876749197642,
            "count": 42
        },
        "PlayerAgent.Losses.CuriosityInverseLoss.sum": {
            "value": 9.69991405804952,
            "min": 6.248612662156423,
            "max": 11.103288155794145,
            "count": 42
        },
        "PlayerAgent.Policy.GAILPolicyEstimate.mean": {
            "value": 0.13001608981026544,
            "min": 0.13001608981026544,
            "max": 0.43865314344565076,
            "count": 42
        },
        "PlayerAgent.Policy.GAILPolicyEstimate.sum": {
            "value": 0.7800965388615927,
            "min": 0.7445558528105417,
            "max": 2.193265717228254,
            "count": 42
        },
        "PlayerAgent.Policy.GAILExpertEstimate.mean": {
            "value": 0.8774120797713597,
            "min": 0.6054340334733327,
            "max": 0.8774120797713597,
            "count": 42
        },
        "PlayerAgent.Policy.GAILExpertEstimate.sum": {
            "value": 5.264472478628158,
            "min": 3.0271701673666636,
            "max": 5.264472478628158,
            "count": 42
        },
        "PlayerAgent.Losses.GAILLoss.mean": {
            "value": 0.33861947241756646,
            "min": 0.33861947241756646,
            "max": 1.2097863177458446,
            "count": 42
        },
        "PlayerAgent.Losses.GAILLoss.sum": {
            "value": 2.031716834505399,
            "min": 1.8941105792919795,
            "max": 6.048931588729222,
            "count": 42
        },
        "PlayerAgent.Policy.GAILGradMagLoss.mean": {
            "value": 0.1709036923117108,
            "min": 0.1657172731641266,
            "max": 3.9229061774412792,
            "count": 42
        },
        "PlayerAgent.Policy.GAILGradMagLoss.sum": {
            "value": 1.0254221538702648,
            "min": 0.857773718237877,
            "max": 19.614530887206396,
            "count": 42
        },
        "PlayerAgent.Losses.PretrainingLoss.mean": {
            "value": 0.0,
            "min": 0.0,
            "max": 1.6629243161943226,
            "count": 42
        },
        "PlayerAgent.Losses.PretrainingLoss.sum": {
            "value": 0.0,
            "min": 0.0,
            "max": 9.7945952018102,