{
    "name": "root",
    "gauges": {
        "PlayerAgent.Policy.Entropy.mean": {
            "value": 1.4036179780960083,
            "min": 1.4036179780960083,
            "max": 1.41825270652771,
            "count": 4
        },
        "PlayerAgent.Policy.Entropy.sum": {
            "value": 42220.828125,
            "min": 42179.8203125,
            "max": 43214.16015625,
            "count": 4
        },
        "PlayerAgent.Environment.EpisodeLength.mean": {
            "value": 115.8069498069498,
            "min": 95.97096774193548,
            "max": 115.8069498069498,
            "count": 4
        },
        "PlayerAgent.Environment.EpisodeLength.sum": {
            "value": 29994.0,
            "min": 29449.0,
            "max": 29994.0,
            "count": 4
        },
        "PlayerAgent.Step.mean": {
            "value": 119969.0,
            "min": 29969.0,
            "max": 119969.0,
            "count": 4
        },
        "PlayerAgent.Step.sum": {
            "value": 119969.0,
            "min": 29969.0,
            "max": 119969.0,
            "count": 4
        },
        "PlayerAgent.Policy.ExtrinsicValueEstimate.mean": {
            "value": 7.4029059410095215,
            "min": -2.356846809387207,
            "max": 7.4029059410095215,
            "count": 4
        },
        "PlayerAgent.Policy.ExtrinsicValueEstimate.sum": {
            "value": 2591.01708984375,
            "min": -902.6723022460938,
            "max": 2591.01708984375,
            "count": 4
        },
        "PlayerAgent.Policy.CuriosityValueEstimate.mean": {
            "value": 1.5123116970062256,
            "min": 1.5123116970062256,
            "max": 3.9147045612335205,
            "count": 4
        },
        "PlayerAgent.Policy.CuriosityValueEstimate.sum": {
            "value": 529.30908203125,
            "min": 529.30908203125,
            "max": 1397.549560546875,
            "count": 4
        },
        "PlayerAgent.Environment.CumulativeReward.mean": {
            "value": 28.872274404082404,
            "min": 5.272197810969161,
            "max": 28.872274404082404,
            "count": 4
        },
        "PlayerAgent.Environment.CumulativeReward.sum": {
            "value": 7477.919070657343,
            "min": 1629.109123589471,
            "max": 7477.919070657343,
            "count": 4
        },
        "PlayerAgent.Policy.ExtrinsicReward.mean": {
            "value": 28.872274404082404,
            "min": 5.272197810969161,
            "max": 28.872274404082404,
            "count": 4
        },
        "PlayerAgent.Policy.ExtrinsicReward.sum": {
            "value": 7477.919070657343,
            "min": 1629.109123589471,
            "max": 7477.919070657343,
            "count": 4
        },
        "PlayerAgent.Policy.CuriosityReward.mean": {
            "value": 1.2543968878988478,
            "min": 1.2543968878988478,
            "max": 10.343459892490559,
            "count": 4
        },
        "PlayerAgent.Policy.CuriosityReward.sum": {
            "value": 324.8887939658016,
            "min": 324.8887939658016,
            "max": 3196.129106779583,
            "count": 4
        },
        "PlayerAgent.Losses.PolicyLoss.mean": {
            "value": 0.03186812834917671,
            "min": 0.03186812834917671,
            "max": 0.03544656222686172,
            "count": 4
        },
        "PlayerAgent.Losses.PolicyLoss.sum": {
            "value": 0.19120877009506027,
            "min": 0.17723281113430858,
            "max": 0.2111319138823698,
            "count": 4
        },
        "PlayerAgent.Losses.ValueLoss.mean": {
            "value": 33.71795033348931,
            "min": 28.655299780103892,
            "max": 33.71795033348931,
            "count": 4
        },
        "PlayerAgent.Losses.ValueLoss.sum": {
            "value": 202.30770200093588,
            "min": 146.9397404988607,
            "max": 202.30770200093588,
            "count": 4
        },
        "PlayerAgent.Policy.LearningRate.mean": {
            "value": 0.00029936336821221064,
            "min": 0.00029936336821221064,
            "max": 0.0002999067888310704,
            "count": 4
        },
        "PlayerAgent.Policy.LearningRate.sum": {
            "value": 0.0017961802092732637,
            "min": 0.001499533944155352,
            "max": 0.0017984157725280758,
            "count": 4
        },
        "PlayerAgent.Policy.Epsilon.mean": {
            "value": 0.19978778933333338,
            "min": 0.19978778933333338,
            "max": 0.19996892960000007,
            "count": 4
        },
        "PlayerAgent.Policy.Epsilon.sum": {
            "value": 1.1987267360000002,
            "min": 0.9998446480000003,
            "max": 1.1994719239999998,
            "count": 4
        },
        "PlayerAgent.Policy.Beta.mean": {
            "value": 0.009978800154400001,
            "min": 0.009978800154400001,
            "max": 0.00999689606704,
            "count": 4
        },
        "PlayerAgent.Policy.Beta.sum": {
            "value": 0.0598728009264,
            "min": 0.049984480335200004,
            "max": 0.05994724520760001,
            "count": 4
        },
        "PlayerAgent.Losses.CuriosityForwardLoss.mean": {
            "value": 0.5365075450804498,
            "min": 0.5365075450804498,
            "max": 23.140484387079873,
            "count": 4
        },
        "PlayerAgent.Losses.CuriosityForwardLoss.sum": {
            "value": 3.2190452704826993,
            "min": 3.2190452704826993,
            "max": 115.70242193539937,
            "count": 4
        },
        "PlayerAgent.Losses.CuriosityInverseLoss.mean": {
            "value": 1.433615177207523,
            "min": 1.433615177207523,
            "max": 2.0914886864026387,
            "count": 4
        },
        "PlayerAgent.Losses.CuriosityInverseLoss.sum": {
            "value": 8.601691063245138,
            "min": 8.601691063245138,
            "max": 11.946265502770741,
            "count": 4
        },
        "PlayerAgent.IsTraining.mean": {
            "value": 1.0,
            "min": 1.0,
            "max": 1.0,
            "count": 4
        },
        "PlayerAgent.IsTraining.sum": {
            "value": 1.0,
            "min": 1.0,
            "max": 1.0,
            "count": 4
        }
    },
    "metadata": {
        "timer_format_version": "0.1.0",
        "start_time_seconds": "1710786671",
        "python_version": "3.9.18 (main, Sep 11 2023, 14:09:26) [MSC v.1916 64 bit (AMD64)]",
        "command_line_arguments": "\\\\?\\C:\\Users\\maxim\\miniconda3\\envs\\mlagents20\\Scripts\\mlagents-learn config/ppo/Main.yaml --run-id=Mobs5--resume",
        "mlagents_version": "0.30.0",
        "mlagents_envs_version": "0.30.0",
        "communication_protocol_version": "1.5.0",
        "pytorch_version": "2.2.1+cu121",
        "numpy_version": "1.21.2",
        "end_time_seconds": "1710788561"
    },
    "total": 1889.9775708,
    "count": 1,
    "self": 0.006630299999869749,
    "children": {
        "run_training.setup": {
            "total": 0.07279499999999972,
            "count": 1,
            "self": 0.07279499999999972
        },
        "TrainerController.start_learning": {
            "total": 1889.8981455,
            "count": 1,
            "self": 0.332464799989566,
            "children": {
                "TrainerController._reset_env": {
                    "total": 4.231009,
                    "count": 1,
                    "self": 4.231009
                },
                "TrainerController.advance": {
                    "total": 1885.2269790000105,
                    "count": 13463,
                    "self": 0.3479748000147538,
                    "children": {
                        "env_step": {
                            "total": 1529.2934999000015,
                            "count": 13463,
                            "self": 1200.3889350000138,