{
    "name": "root",
    "gauges": {
        "PlayerAgent.Policy.Entropy.mean": {
            "value": 1.513569951057434,
            "min": 1.419237494468689,
            "max": 1.5763779878616333,
            "count": 231
        },
        "PlayerAgent.Policy.Entropy.sum": {
            "value": 45537.265625,
            "min": 41640.28125,
            "max": 47771.1328125,
            "count": 231
        },
        "PlayerAgent.Environment.EpisodeLength.mean": {
            "value": 28.16715257531584,
            "min": 26.291173794358507,
            "max": 34.35461801596351,
            "count": 231
        },
        "PlayerAgent.Environment.EpisodeLength.sum": {
            "value": 28984.0,
            "min": 28162.0,
            "max": 30129.0,
            "count": 231
        },
        "PlayerAgent.Step.mean": {
            "value": 6929983.0,
            "min": 29936.0,
            "max": 6929983.0,
            "count": 231
        },
        "PlayerAgent.Step.sum": {
            "value": 6929983.0,
            "min": 29936.0,
            "max": 6929983.0,
            "count": 231
        },
        "PlayerAgent.Policy.ExtrinsicValueEstimate.mean": {
            "value": -178.52719116210938,
            "min": -1532.8326416015625,
            "max": -13.991035461425781,
            "count": 231
        },
        "PlayerAgent.Policy.ExtrinsicValueEstimate.sum": {
            "value": -183704.484375,
            "min": -1420935.875,
            "max": -12689.869140625,
            "count": 231
        },
        "PlayerAgent.Environment.CumulativeReward.mean": {
            "value": -263.43758415411236,
            "min": -3442.4298032428464,
            "max": -226.25799144763573,
            "count": 231
        },
        "PlayerAgent.Environment.CumulativeReward.sum": {
            "value": -271077.2740945816,
            "min": -3122283.8315412616,
            "max": -230783.15127658844,
            "count": 231
        },
        "PlayerAgent.Policy.ExtrinsicReward.mean": {
            "value": -263.43758415411236,
            "min": -3442.4298032428464,
            "max": -226.25799144763573,
            "count": 231
        },
        "PlayerAgent.Policy.ExtrinsicReward.sum": {
            "value": -271077.2740945816,
            "min": -3122283.8315412616,
            "max": -230783.15127658844,
            "count": 231
        },
        "PlayerAgent.Losses.PolicyLoss.mean": {
            "value": 0.018979379600690058,
            "min": 0.01170607830475395,
            "max": 0.022004810604266824,
            "count": 231
        },
        "PlayerAgent.Losses.PolicyLoss.sum": {
            "value": 0.018979379600690058,
            "min": 0.01170607830475395,
            "max": 0.040509492671117184,
            "count": 231
        },
        "PlayerAgent.Losses.ValueLoss.mean": {
            "value": 112265.42096354166,
            "min": 8380.19090983073,
            "max": 9646124.4,
            "count": 231
        },
        "PlayerAgent.Losses.ValueLoss.sum": {
            "value": 112265.42096354166,
            "min": 10144.919791666667,
            "max": 11871394.616666667,
            "count": 231
        },
        "PlayerAgent.Policy.LearningRate.mean": {
            "value": 0.00023089286303572,
            "min": 0.00023089286303572,
            "max": 0.00029979510006829994,
            "count": 231
        },
        "PlayerAgent.Policy.LearningRate.sum": {
            "value": 0.00023089286303572,
            "min": 0.00023089286303572,
            "max": 0.0005985645004785,
            "count": 231
        },
        "PlayerAgent.Policy.Epsilon.mean": {
            "value": 0.17696428,
            "min": 0.17696428,
            "max": 0.19993169999999993,
            "count": 231
        },
        "PlayerAgent.Policy.Epsilon.sum": {
            "value": 0.17696428,
            "min": 0.17696428,
            "max": 0.3995215,
            "count": 231
        },
        "PlayerAgent.Policy.Beta.mean": {
            "value": 0.0038505175720000002,
            "min": 0.0038505175720000002,
            "max": 0.00499659183,
            "count": 231
        },
        "PlayerAgent.Policy.Beta.sum": {
            "value": 0.0038505175720000002,
            "min": 0.0038505175720000002,
            "max": 0.009976122849999998,
            "count": 231
        },
        "PlayerAgent.IsTraining.mean": {
            "value": 1.0,
            "min": 1.0,
            "max": 1.0,
            "count": 231
        },
        "PlayerAgent.IsTraining.sum": {
            "value": 1.0,
            "min": 1.0,
            "max": 1.0,
            "count": 231
        }
    },
    "metadata": {
        "timer_format_version": "0.1.0",
        "start_time_seconds": "1709997846",
        "python_version": "3.9.18 (main, Sep 11 2023, 14:09:26) [MSC v.1916 64 bit (AMD64)]",
        "command_line_arguments": "\\\\?\\C:\\Users\\maxim\\miniconda3\\envs\\mlagents20\\Scripts\\mlagents-learn config/ppo/Main.yaml --run-id=UpdatedRewardFunctionv2 --force",
        "mlagents_version": "0.30.0",
        "mlagents_envs_version": "0.30.0",
        "communication_protocol_version": "1.5.0",
        "pytorch_version": "2.2.1+cu121",
        "numpy_version": "1.21.2",
        "end_time_seconds": "1710018142"
    },
    "total": 20296.0558796,
    "count": 1,
    "self": 0.005711599998903694,
    "children": {
        "run_training.setup": {
            "total": 0.0714357000000001,
            "count": 1,
            "self": 0.0714357000000001
        },
        "TrainerController.start_learning": {
            "total": 20295.978732300002,
            "count": 1,
            "self": 7.3211801000761625,
            "children": {
                "TrainerController._reset_env": {
                    "total": 21.9834165,
                    "count": 1,
                    "self": 21.9834165
                },
                "TrainerController.advance": {
                    "total": 20266.539271099926,
                    "count": 320736,
                    "self": 6.305041299045115,
                    "children": {
                        "env_step": {
                            "total": 17567.606659400397,
                            "count": 320736,
                            "self": 16913.0176484008,
                            "children": {
                                "SubprocessEnvManager._take_step": {
                                    "total": 650.3747660006726,
                                    "count": 320736,
                                    "self": 11.129620700637702,
                                    "children": {
                                        "TorchPolicy.evaluate": {
                                            "total": 639.2451453000349,
                                            "count": 141703,
                                            "self": 639.2451453000349
                                        }
                                    }
                                },
                                "workers": {
                                    "total": 4.214244998925093,
                                    "count": 320735,
                                    "self": 0.0,
                                    "children": {
                                        "worker_root": {
                                            "total": 20143.77798279979,
                                            "count": 320735,
                                            "is_parallel": true,
                                            "self": 3777.6882234003806,
                                            "children": {
                                                "steps_from_proto": {
                                                    "total": 0.0005960000000015953,
                                                    "count": 1,
                                                    "is_parallel": true,