{
    "name": "root",
    "gauges": {
        "PlayerAgent.Policy.Entropy.mean": {
            "value": 1.9513823986053467,
            "min": 1.399519681930542,
            "max": 1.952406644821167,
            "count": 310
        },
        "PlayerAgent.Policy.Entropy.sum": {
            "value": 58541.47265625,
            "min": 39479.68359375,
            "max": 59548.40234375,
            "count": 310
        },
        "PlayerAgent.Environment.EpisodeLength.mean": {
            "value": 180.4969696969697,
            "min": 170.83428571428573,
            "max": 668.7045454545455,
            "count": 310
        },
        "PlayerAgent.Environment.EpisodeLength.sum": {
            "value": 29782.0,
            "min": 29423.0,
            "max": 31148.0,
            "count": 310
        },
        "PlayerAgent.Step.mean": {
            "value": 9299830.0,
            "min": 29590.0,
            "max": 9299830.0,
            "count": 310
        },
        "PlayerAgent.Step.sum": {
            "value": 9299830.0,
            "min": 29590.0,
            "max": 9299830.0,
            "count": 310
        },
        "PlayerAgent.Policy.ExtrinsicValueEstimate.mean": {
            "value": -3.3541948795318604,
            "min": -71.89647674560547,
            "max": -2.500296115875244,
            "count": 310
        },
        "PlayerAgent.Policy.ExtrinsicValueEstimate.sum": {
            "value": -553.442138671875,
            "min": -4240.0517578125,
            "max": -335.7184143066406,
            "count": 310
        },
        "PlayerAgent.Environment.CumulativeReward.mean": {
            "value": -11.790756237154689,
            "min": -900.1332294040257,
            "max": -6.442029229282627,
            "count": 310
        },
        "PlayerAgent.Environment.CumulativeReward.sum": {
            "value": -1945.4747791305235,
            "min": -47547.92306863638,
            "max": -1088.702939748764,
            "count": 310
        },
        "PlayerAgent.Policy.ExtrinsicReward.mean": {
            "value": -11.790756237154689,
            "min": -900.1332294040257,
            "max": -6.442029229282627,
            "count": 310
        },
        "PlayerAgent.Policy.ExtrinsicReward.sum": {
            "value": -1945.4747791305235,
            "min": -47547.92306863638,
            "max": -1088.702939748764,
            "count": 310
        },
        "PlayerAgent.Losses.PolicyLoss.mean": {
            "value": 0.013005258271005005,
            "min": 0.011010386219277279,
            "max": 0.023803654542037596,
            "count": 310
        },
        "PlayerAgent.Losses.PolicyLoss.sum": {
            "value": 0.013005258271005005,
            "min": 0.011010386219277279,
            "max": 0.04236374038737267,
            "count": 310
        },
        "PlayerAgent.Losses.ValueLoss.mean": {
            "value": 56.163225714365645,
            "min": 4.876601115862528,
            "max": 1178.4604451497396,
            "count": 310
        },
        "PlayerAgent.Losses.ValueLoss.sum": {
            "value": 56.163225714365645,
            "min": 4.876601115862528,
            "max": 1468.201033528646,
            "count": 310
        },
        "PlayerAgent.Policy.LearningRate.mean": {
            "value": 0.00020719723093426667,
            "min": 0.00020719723093426667,
            "max": 0.0002997923900692033,
            "count": 310
        },
        "PlayerAgent.Policy.LearningRate.sum": {
            "value": 0.00020719723093426667,
            "min": 0.00020719723093426667,
            "max": 0.0005985452804849066,
            "count": 310
        },
        "PlayerAgent.Policy.Epsilon.mean": {
            "value": 0.16906573333333336,
            "min": 0.16906573333333336,
            "max": 0.19993079666666674,
            "count": 310
        },
        "PlayerAgent.Policy.Epsilon.sum": {
            "value": 0.16906573333333336,
            "min": 0.16906573333333336,
            "max": 0.39951509333333335,
            "count": 310
        },
        "PlayerAgent.Policy.Beta.mean": {
            "value": 0.0034563800933333343,
            "min": 0.0034563800933333343,
            "max": 0.004996546753666667,
            "count": 310
        },
        "PlayerAgent.Policy.Beta.sum": {
            "value": 0.0034563800933333343,
            "min": 0.0034563800933333343,
            "max": 0.009975803157333336,
            "count": 310
        },
        "PlayerAgent.IsTraining.mean": {
            "value": 1.0,
            "min": 1.0,
            "max": 1.0,
            "count": 310
        },
        "PlayerAgent.IsTraining.sum": {
            "value": 1.0,
            "min": 1.0,
            "max": 1.0,
            "count": 310
        }
    },
    "metadata": {
        "timer_format_version": "0.1.0",
        "start_time_seconds": "1710107295",
        "python_version": "3.9.18 (main, Sep 11 2023, 14:09:26) [MSC v.1916 64 bit (AMD64)]",
        "command_line_arguments": "\\\\?\\C:\\Users\\maxim\\miniconda3\\envs\\mlagents20\\Scripts\\mlagents-learn config/ppo/Main.yaml --run-id=Normilize Reward Test",
        "mlagents_version": "0.30.0",
        "mlagents_envs_version": "0.30.0",
        "communication_protocol_version": "1.5.0",
        "pytorch_version": "2.2.1+cu121",
        "numpy_version": "1.21.2",
        "end_time_seconds": "1710141628"
    },
    "total": 34332.4739953,
    "count": 1,
    "self": 0.010737000004155561,
    "children": {
        "run_training.setup": {
            "total": 0.07368530000000018,
            "count": 1,
            "self": 0.07368530000000018
        },
        "TrainerController.start_learning": {
            "total": 34332.389573,
            "count": 1,
            "self": 16.847387899964815,
            "children": {
                "TrainerController._reset_env": {
                    "total": 6.4895549,
                    "count": 1,
                    "self": 6.4895549
                },
                "TrainerController.advance": {
                    "total": 34308.90854270004,
                    "count": 959652,
                    "self": 16.393685599410674,
                    "children": {
                        "env_step": {
                            "total": 31759.74910929958,
                            "count": 959652,
                            "self": 25331.407095698905,
                            "children": {
                                "SubprocessEnvManager._take_step": {
                                    "total": 6416.064305500132,
                                    "count": 959652,
                                    "self": 46.8250238987539,
                                    "children": {
                                        "TorchPolicy.evaluate": {
                                            "total": 6369.239281601378,
                                            "count": 932358,
                                            "self": 6369.239281601378
                                        }
                                    }
                                },
                                "workers": {
                                    "total": 12.27770810054312,
                                    "count": 959651,
                                    "self": 0.0,
                                    "children": {
                                        "worker_root": {
                                            "total": 34238.12065190144,
                                            "count": 959651,
                                            "is_parallel": true,
                                            "self": 9946.745655200742,
                                            "children": {
                                                "steps_from_proto": {
                                                    "total": 0.003555300000000372,
                                                    "count": 1,