{
    "name": "root",
    "metadata": {
        "timer_format_version": "0.1.0",
        "start_time_seconds": "1710687846",
        "python_version": "3.9.18 (main, Sep 11 2023, 14:09:26) [MSC v.1916 64 bit (AMD64)]",
        "command_line_arguments": "\\\\?\\C:\\Users\\maxim\\miniconda3\\envs\\mlagents20\\Scripts\\mlagents-learn config/ppo/Main.yaml --run-id=Mobs3 --resume",
        "mlagents_version": "0.30.0",
        "mlagents_envs_version": "0.30.0",
        "communication_protocol_version": "1.5.0",
        "pytorch_version": "2.2.1+cu121",
        "numpy_version": "1.21.2",
        "end_time_seconds": "1710687924"
    },
    "total": 78.5798322,
    "count": 1,
    "self": 0.006687599999992244,
    "children": {
        "run_training.setup": {
            "total": 0.07661750000000023,
            "count": 1,
            "self": 0.07661750000000023
        },
        "TrainerController.start_learning": {
            "total": 78.49652710000001,
            "count": 1,
            "self": 0.000149499999992031,
            "children": {
                "TrainerController._reset_env": {
                    "total": 14.1612623,
                    "count": 1,
                    "self": 14.1612623
                },
                "TrainerController.advance": {
                    "total": 64.10490580000001,
                    "count": 2,
                    "self": 3.280000002803263e-05,
                    "children": {
                        "env_step": {
                            "total": 64.10484309999998,
                            "count": 2,
                            "self": 63.823406099999985,
                            "children": {
                                "SubprocessEnvManager._take_step": {
                                    "total": 0.2814253999999963,
                                    "count": 2,
                                    "self": 0.00017309999999781667,
                                    "children": {
                                        "TorchPolicy.evaluate": {
                                            "total": 0.28125229999999846,
                                            "count": 2,
                                            "self": 0.28125229999999846
                                        }
                                    }
                                },
                                "workers": {
                                    "total": 1.1599999997002897e-05,
                                    "count": 1,
                                    "self": 0.0,
                                    "children": {
                                        "worker_root": {
                                            "total": 2.5423481,
                                            "count": 1,
                                            "is_parallel": true,
                                            "self": 1.4458836999999995,
                                            "children": {
                                                "steps_from_proto": {
                                                    "total": 0.0003179000000006482,
                                                    "count": 1,
                                                    "is_parallel": true,
                                                    "self": 0.00011260000000135051,
                                                    "children": {
                                                        "_process_rank_one_or_two_observation": {
                                                            "total": 0.0002052999999992977,
                                                            "count": 2,
                                                            "is_parallel": true,
                                                            "self": 0.0002052999999992977
                                                        }
                                                    }
                                                },
                                                "UnityEnvironment.step": {
                                                    "total": 1.0961464999999997,
                                                    "count": 1,
                                                    "is_parallel": true,
                                                    "self": 0.00011759999999938486,
                                                    "children": {
                                                        "UnityEnvironment._generate_step_input": {
                                                            "total": 0.00021470000000078926,
                                                            "count": 1,
                                                            "is_parallel": true,
                                                            "self": 0.00021470000000078926
                                                        },
                                                        "communicator.exchange": {
                                                            "total": 1.0955314999999999,
                                                            "count": 1,
                                                            "is_parallel": true,
                                                            "self": 1.0955314999999999
                                                        },
                                                        "steps_from_proto": {
                                                            "total": 0.000282699999999636,
                                                            "count": 1,
                                                            "is_parallel": true,
                                                            "self": 0.00010809999999850106,
                                                            "children": {
                                                                "_process_rank_one_or_two_observation": {
                                                                    "total": 0.00017460000000113496,
                                                                    "count": 2,
                                                                    "is_parallel": true,
                                                                    "self": 0.00017460000000113496
                                                                }
                                                            }
                                                        }
                                                    }
                                                }
                                            }
                                        }
                                    }
                                }
                            }
                        },
                        "trainer_advance": {
                            "total": 2.989999999769566e-05,
                            "count": 1,
                            "self": 2.229999999769916e-05,
                            "children": {
                                "process_trajectory": {
                                    "total": 7.5999999999964984e-06,
                                    "count": 1,
                                    "self": 7.5999999999964984e-06
                                }
                            }
                        }
                    }
                },
                "TrainerController._save_models": {
                    "total": 0.23020950000000084,
                    "count": 1,
                    "self": 0.0019555000000082146,
                    "children": {
                        "RLTrainer._checkpoint": {
                            "total": 0.22825399999999263,
                            "count": 1,