{
    "name": "root",
    "gauges": {
        "PlayerAgent.Policy.Entropy.mean": {
            "value": 0.9604396224021912,
            "min": 0.9504859447479248,
            "max": 0.9658340215682983,
            "count": 7
        },
        "PlayerAgent.Policy.Entropy.sum": {
            "value": 28582.68359375,
            "min": 14143.23046875,
            "max": 29129.5546875,
            "count": 7
        },
        "PlayerAgent.Environment.EpisodeLength.mean": {
            "value": 3.834031582339671,
            "min": 3.785383756183182,
            "max": 179.89333333333335,
            "count": 7
        },
        "PlayerAgent.Environment.EpisodeLength.sum": {
            "value": 23794.0,
            "min": 13492.0,
            "max": 27811.0,
            "count": 7
        },
        "PlayerAgent.Step.mean": {
            "value": 6509888.0,
            "min": 6329972.0,
            "max": 6509888.0,
            "count": 7
        },
        "PlayerAgent.Step.sum": {
            "value": 6509888.0,
            "min": 6329972.0,
            "max": 6509888.0,
            "count": 7
        },
        "PlayerAgent.Policy.ExtrinsicValueEstimate.mean": {
            "value": -0.22450074553489685,
            "min": -25.36341667175293,
            "max": 40.114471435546875,
            "count": 7
        },
        "PlayerAgent.Policy.ExtrinsicValueEstimate.sum": {
            "value": -1398.6396484375,
            "min": -68684.1328125,
            "max": 18857.3671875,
            "count": 7
        },
        "PlayerAgent.Policy.CuriosityValueEstimate.mean": {
            "value": 0.3871745765209198,
            "min": 0.3726351261138916,
            "max": 0.4750077724456787,
            "count": 7
        },
        "PlayerAgent.Policy.CuriosityValueEstimate.sum": {
            "value": 2412.09765625,
            "min": 57.81953430175781,
            "max": 2660.631591796875,
            "count": 7
        },
        "PlayerAgent.Environment.CumulativeReward.mean": {
            "value": 1.9863759692574638,
            "min": 1.857869690522202,
            "max": 17.665194457868736,
            "count": 7
        },
        "PlayerAgent.Environment.CumulativeReward.sum": {
            "value": 12327.44926521182,
            "min": 1324.8895843401551,
            "max": 12331.709355998784,
            "count": 7
        },
        "PlayerAgent.Policy.ExtrinsicReward.mean": {
            "value": 1.9863759692574638,
            "min": 1.857869690522202,
            "max": 17.665194457868736,
            "count": 7
        },
        "PlayerAgent.Policy.ExtrinsicReward.sum": {
            "value": 12327.44926521182,
            "min": 1324.8895843401551,
            "max": 12331.709355998784,
            "count": 7
        },
        "PlayerAgent.Policy.CuriosityReward.mean": {
            "value": 0.013574694201097129,
            "min": 0.013574694201097129,
            "max": 0.5234036405881246,
            "count": 7
        },
        "PlayerAgent.Policy.CuriosityReward.sum": {
            "value": 84.24455221200878,
            "min": 39.255273044109344,
            "max": 99.76739958853796,
            "count": 7
        },
        "PlayerAgent.Losses.PolicyLoss.mean": {
            "value": 0.06583143946911497,
            "min": 0.06538938407126503,
            "max": 0.0704116149055254,
            "count": 7
        },
        "PlayerAgent.Losses.PolicyLoss.sum": {
            "value": 0.9216401525676097,
            "min": 0.42246968943315244,
            "max": 1.0464114470192798,
            "count": 7
        },
        "PlayerAgent.Losses.ValueLoss.mean": {
            "value": 22.829395616338363,
            "min": 22.829395616338363,
            "max": 186.61329785982767,
            "count": 7
        },
        "PlayerAgent.Losses.ValueLoss.sum": {
            "value": 319.6115386287371,
            "min": 319.6115386287371,
            "max": 2538.6428902546563,
            "count": 7
        },
        "PlayerAgent.Policy.LearningRate.mean": {
            "value": 0.0002610308958468485,
            "min": 0.0002610308958468485,
            "max": 0.0002620597256467623,
            "count": 7
        },
        "PlayerAgent.Policy.LearningRate.sum": {
            "value": 0.003654432541855879,
            "min": 0.0015723583538805738,
            "max": 0.0039289133383622835,
            "count": 7
        },
        "PlayerAgent.Policy.Epsilon.mean": {
            "value": 0.1870102942857143,
            "min": 0.1870102942857143,
            "max": 0.18735323766666667,
            "count": 7
        },
        "PlayerAgent.Policy.Epsilon.sum": {
            "value": 2.61814412,
            "min": 1.124119426,
            "max": 2.809637716,
            "count": 7
        },
        "PlayerAgent.Policy.Beta.mean": {
            "value": 0.008702328399142856,
            "min": 0.008702328399142856,
            "max": 0.008736588442900001,
            "count": 7
        },
        "PlayerAgent.Policy.Beta.sum": {
            "value": 0.121832597588,
            "min": 0.05241953065740001,
            "max": 0.1309828078284,
            "count": 7
        },
        "PlayerAgent.Losses.CuriosityForwardLoss.mean": {
            "value": 0.13389417012443855,
            "min": 0.13389417012443855,
            "max": 0.17246139644541672,
            "count": 7
        },
        "PlayerAgent.Losses.CuriosityForwardLoss.sum": {
            "value": 1.8745183817421396,
            "min": 1.0347683786725004,
            "max": 2.3459156086513153,
            "count": 7
        },
        "PlayerAgent.Losses.CuriosityInverseLoss.mean": {
            "value": 0.6773448693787767,
            "min": 0.6773448693787767,
            "max": 0.7850673438774215,
            "count": 7
        },
        "PlayerAgent.Losses.CuriosityInverseLoss.sum": {
            "value": 9.482828171302874,
            "min": 4.710404063264529,
            "max": 10.515534611418843,
            "count": 7
        },
        "PlayerAgent.IsTraining.mean": {
            "value": 1.0,
            "min": 1.0,
            "max": 1.0,
            "count": 7
        },
        "PlayerAgent.IsTraining.sum": {
            "value": 1.0,
            "min": 1.0,
            "max": 1.0,
            "count": 7
        }
    },
    "metadata": {
        "timer_format_version": "0.1.0",
        "start_time_seconds": "1710685277",
        "python_version": "3.9.18 (main, Sep 11 2023, 14:09:26) [MSC v.1916 64 bit (AMD64)]",
        "command_line_arguments": "\\\\?\\C:\\Users\\maxim\\miniconda3\\envs\\mlagents20\\Scripts\\mlagents-learn config/ppo/Main.yaml --run-id=Mobs2 --resume",
        "mlagents_version": "0.30.0",
        "mlagents_envs_version": "0.30.0",
        "communication_protocol_version": "1.5.0",
        "pytorch_version": "2.2.1+cu121",
        "numpy_version": "1.21.2",
        "end_time_seconds": "1710687472"
    },
    "total": 2194.3790916,
    "count": 1,
    "self": 0.008553599999686412,
    "children": {
        "run_training.setup": {
            "total": 0.07916839999999992,
            "count": 1,
            "self": 0.07916839999999992
        },
        "TrainerController.start_learning": {
            "total": 2194.2913696,
            "count": 1,
            "self": 0.888725299989801,
            "children": {
                "TrainerController._reset_env": {
                    "total": 46.024462299999996,
                    "count": 1,
                    "self": 46.024462299999996
                },
                "TrainerController.advance": {
                    "total": 2147.2980494000103,
                    "count": 42539,
                    "self": 0.7475412999847322,
                    "children": {
                        "env_step": {
                            "total": 1824.7533609000172,
                            "count": 42539,
                            "self": 1758.5544567000431,